{"XGBoost": (0.5072243346007604, {"n_estimators": 200, "learning_rate": 0.2}, ([0.7828954481565574, 0.8809854790895539, 0.8264749783957891, [[0, 0.35644271, 1], [0, 0.88098548, 1], [inf,  1,  0]], 0.7622713843868021, 7.825241215844658, [[27050, 14982],
       [ 7106, 52601]]], [0.5072243346007604, 0.019756838905775075, 0.03857566765578635, [[0, 0.00456621, 1], [0, 0.01975684, 1], [inf,  1,  0]], 0.5075953144300566, 17.761435282241756, [[654,   3],
       [645,  13]]], "RandomForest": (0.5049429657794677, {"n_estimators": 10, "max_features": "log2"}, ([0.9885687887634044, 0.9870534443197615, 0.9902294360292697, [[0, 0.00927864, 1], [0, 0.98705344, 1], [inf,  1,  0]], 0.9888873997388682, 0.41202261562963344, [[41642,   390],
       [  773, 58934]]], [0.5049429657794677, 0.013677811550151976, 0.026905829596412557, [[0, 0.00304414, 1], [0, 0.01367781, 1], [inf,  1,  0]], 0.5053168357598553, 17.84366414928917, [[655,   2],
       [649,   9]]], "LogisticRegression": (0.620532319391635, {"C": 0.1, "penalty": "l2", "max_iter": 10000, "n_jobs": -1}, ([0.6678166681410276, 0.8050479843234462, 0.7398907103825136, [[0, 0.52712219, 1], [0, 0.80504798, 1], [inf,  1,  0]], 0.6389628958541479, 11.973100875166878, [[19876, 22156],
       [11640, 48067]]], [0.620532319391635, 0.5349544072948328, 0.5852036575228595, [[0, 0.29375951, 1], [0, 0.53495441, 1], [inf,  1,  0]], 0.6205974471786188, 13.677401552220122, [[464, 193],
       [306, 352]]], "GradientBoosting": (0.5095057034220533, {"n_estimators": 200, "learning_rate": 0.1}, ([0.7046462025378665, 0.8278761284271526, 0.766897578912256, [[0 0.4704035, 1, [0, 0.82787613, 1], [inf,  1,  0]], 0.6787363131667548, 10.645629902884648, [[22260, 19772],
       [10277, 49430]]], [0.5095057034220533, 0.0243161094224924, 0.047267355982274745, [[0, 0.00456621, 1], [0, 0.02431611, 1], [inf,  1,  0]], 0.5098749496884152, 17.679206415194344, [[654,   3],
       [642,  16]]], "GaussianNB": (0.5673003802281369, {"var_smoothing": 1e-10}, ([0.6659196571619537, 0.7303331267690556, 0.7195650200905933, [[0, 0.42558051, 1], [0, 0.73033313, 1], [inf,  1,  0]], 0.6523763083407517, 12.04147608137197, [[24144, 17888],
       [16101, 43606]]], [0.5673003802281369, 0.19756838905775076, 0.31363088057901084, [[0, 0.06240487, 1], [0, 0.19756839, 1], [inf,  1,  0]], 0.5675817592168511, 15.596075116659817, [[616,  41],
       [528, 130]]]}